{"deepank": {"stocks": [{"Ticker": "VOO", "Name": "Vanguard S&P 500 ETF", "Type": "ETF", "Shares": 0.1, "Buy rate ($/unit)": 0.01, "Current rate ($/unit)": 514.5800170898438, "Cost basis": 0.001, "Current value": 51.458001708984376, "Total profit": 51.45700170898438, "Today Gain": 0.3190017089843764, "Today Gain (%)": 0.6237934042206074}, {"Ticker": "AAPL", "Name": "Apple Inc.", "Type": "EQUITY", "Shares": 0.1, "Buy rate ($/unit)": 0.01, "Current rate ($/unit)": 230.57000732421875, "Cost basis": 0.001, "Current value": 23.057000732421876, "Total profit": 23.056000732421875, "Today Gain": 0.3000007324218757, "Today Gain (%)": 1.3182789138369544}]}, "poto": {"stocks": []}, "mo": {"stocks": []}, "Testing123": {"stocks": []}, "All Holdings": {"stocks": [{"Ticker": "VOO", "Name": "Vanguard S&P 500 ETF", "Type": "ETF", "Shares": 0.1, "Buy rate ($/unit)": 0.01, "Current rate ($/unit)": 514.5800170898438, "Cost basis": 0.001, "Current value": 51.458001708984376, "Total profit": 51.45700170898438, "Today Gain": 0.3190017089843764, "Today Gain (%)": 0.6237934042206074, "Portfolio": "deepank"}]}}